pdb_index,pdb_id,ligand_resname,rna_chain,pdb_sequence_length,best_window_identity,best_window_start,best_window
127,2l8h,L8H,A,29,1.0,0,GGCAGAUCUGAGCCUGGGAGCUCUCUGCC
50,1uud,P14,B,29,1.0,0,GGCAGAUCUGAGCCUGGGAGCUCUCUGCC
49,1uts,P13,B,29,1.0,0,GGCAGAUCUGAGCCUGGGAGCUCUCUGCC
51,1uui,P12,B,29,1.0,0,GGCAGAUCUGAGCCUGGGAGCUCUCUGCC
6,1arj,ARG,N,29,1.0,0,GGCAGAUCUGAGCCUGGGAGCUCUCUGCC
32,1lvj,PMZ,A,31,0.9310344827586207,1,GCCAGAUCUGAGCCUGGGAGCUCUCUGGC
44,1qd3,BDG,A,29,0.896551724137931,0,GCCAGAUUUGAGCCUGGGAGCUCUCUGGC
468,6qiq,J48,A,7,0.8571428571428571,1,GCAGAGC
3,1aju,ARG,A,30,0.7931034482758621,0,GGCCAGAUUGAGCCUGGGAGCUCUCUGGC
4,1akx,ARG,A,30,0.7931034482758621,0,GGCCAGAUUGAGCCUGGGAGCUCUCUGGC
144,2p7e,AVC,A,4,0.75,21,UCCC
57,1ykv,DAI,A,11,0.7272727272727273,16,GGAGCUCGCCC
304,4nfo,SPM,C,16,0.6875,1,GCAGACUUAAGUCUGC
28,1j8g,SPM,C,6,0.6666666666666666,14,UGGGGU
58,1yls,DAI,A,9,0.6666666666666666,16,GGAGCCGCC
29,1koc,ARG,B,14,0.6428571428571429,12,ACAGGUAGGUCGCU
13,1ejz,6HG,A,8,0.625,20,CGCUACGC
385,5v9z,8OS,B,8,0.625,1,GCACCUCA
388,5vj9,SPM,A,16,0.625,12,GCGGGGACGACCCUGC
120,2kd4,PRL,A,8,0.625,11,GCCGCGGC
1,165d,BRU,A,8,0.625,11,GCUUCGGC
33,1mdg,BGM,A,5,0.6,2,UAGGU
379,5v0j,8OS,B,10,0.6,5,ACUUAAGUCU
347,5dhc,LCG,A,10,0.6,5,ACUUAAGUCU
314,4pco,NCO,B,10,0.6,15,GGUGGCUGUU
361,5hbx,PZG,B,10,0.6,5,ACUUAAGUCU
418,6cxz,U4M,A,7,0.5714285714285714,2,CGAAUCG
377,5ux3,8OS,B,7,0.5714285714285714,2,CACCUCA
30,1kod,CIR,B,14,0.5714285714285714,12,ACGGUUAGGUCGCU
81,2dqq,OMU,B,9,0.5555555555555556,1,GAAGAAGAG
380,5v0k,LCG,A,9,0.5555555555555556,5,ACUUAAGUC
166,3b5f,N6G,C,18,0.5555555555555556,11,UCGUGGUCAUUACCUGCC
159,357d,SSU,A,9,0.5555555555555556,8,UGCGGCGGC
325,4u6l,5CM,A,9,0.5555555555555556,1,GAAGAAGAG
362,5hby,LCG,A,9,0.5555555555555556,5,ACUUAAGUC
79,2dqo,OMU,B,9,0.5555555555555556,1,GAAGAAGAG
324,4u6k,NTT,A,9,0.5555555555555556,1,GAAGAAGAG
2,1ajf,NCO,A,18,0.5555555555555556,11,GACAGGGGAAACUUUGUC
168,3b91,MTU,C,18,0.5555555555555556,11,UCGUGGUCAUUACCUGCC
80,2dqp,OMU,B,9,0.5555555555555556,1,GAAGAAGAG
191,3dj0,CCC,A,173,0.5517241379310345,129,CCCAUACCACUGUCACGGAGGUCUCUCCG
182,3dig,CCC,X,173,0.5517241379310345,129,CCCAUACCACUGUCACGGAGGUCUCUCCG
189,3diy,GDP,A,172,0.5517241379310345,128,CCCAUACCACUGUCACGGAGGUCUCUCCG
192,3dj2,CCC,A,173,0.5517241379310345,129,CCCAUACCACUGUCACGGAGGUCUCUCCG
187,3dir,GTP,A,172,0.5517241379310345,128,CCCAUACCACUGUCACGGAGGUCUCUCCG
185,3dio,CCC,X,173,0.5517241379310345,129,CCCAUACCACUGUCACGGAGGUCUCUCCG
186,3diq,CCC,A,173,0.5517241379310345,129,CCCAUACCACUGUCACGGAGGUCUCUCCG
26,1i9v,NMY,A,74,0.5517241379310345,25,GCCAGACUGAAAUCUGGAGGUCCUGUGUC
190,3diz,CCC,A,173,0.5517241379310345,129,CCCAUACCACUGUCACGGAGGUCUCUCCG
188,3dix,CCC,A,173,0.5517241379310345,129,CCCAUACCACUGUCACGGAGGUCUCUCCG
184,3dim,CCC,A,173,0.5517241379310345,129,CCCAUACCACUGUCACGGAGGUCUCUCCG
183,3dil,CCC,A,173,0.5517241379310345,129,CCCAUACCACUGUCACGGAGGUCUCUCCG
450,6hmo,GDZ,B,11,0.5454545454545454,4,GGAGUAAGUCU
374,5ued,86S,B,11,0.5454545454545454,4,GACUUAAGUCG
364,5krg,PZG,D,11,0.5454545454545454,5,ACUUAAGUCGG
71,2bcz,NCO,B,11,0.5454545454545454,7,CGGUGAAAGGG
70,2bcy,MTU,B,11,0.5454545454545454,7,CGGUGAAAGGG
375,5uee,GP3,B,11,0.5454545454545454,4,GACUUAAGUCG
376,5ueg,86P,B,11,0.5454545454545454,4,GACUUAAGUCG
378,5v0h,8OS,A,11,0.5454545454545454,5,ACUUAAGUCGG
368,5l00,LCG,A,11,0.5454545454545454,5,ACUUAAGUCGG
410,6c8n,EQ4,B,11,0.5454545454545454,5,ACUUAAGUCGG
411,6c8o,EQ4,B,11,0.5454545454545454,5,ACUUAAGUCGG
100,2fgp,N6G,B,11,0.5454545454545454,7,CGGUGAAAGGG
23,1fuf,CBR,A,13,0.5384615384615384,0,GGUAUUUCGGUAC
393,5z1i,FSJ,A,21,0.5238095238095238,4,GCGUCGCGCCGGCGAAGUCGC
289,4gpx,6HS,B,21,0.5238095238095238,4,GCGUCGCGCCGGCGAAGUCGC
261,4e8n,EPE,A,393,0.5172413793103449,1,GGGUGUGCCCGGCAUGGGUGCAGUCUAUA
320,4qln,2BA,A,117,0.5172413793103449,70,CUUCGACCCGAGCCCGUCAGCUAACCUCG
264,4e8r,EPE,A,393,0.5172413793103449,1,GGGUGUGCCCGGCAUGGGUGCAGUCUAUA
262,4e8p,EPE,A,393,0.5172413793103449,1,GGGUGUGCCCGGCAUGGGUGCAGUCUAUA
263,4e8q,EPE,A,393,0.5172413793103449,1,GGGUGUGCCCGGCAUGGGUGCAGUCUAUA
275,4fax,EPE,A,392,0.5172413793103449,1,GGGUGUGCCCGGCAUGGGUGCAGUCUAUA
276,4fb0,SPM,A,393,0.5172413793103449,1,GGGUGUGCCCGGCAUGGGUGCAGUCUAUA
437,6e82,TFX,A,36,0.5172413793103449,5,GAGGAAGGUGGUCUGAGGAGGUCACUGCG
319,4qlm,2BA,A,108,0.5172413793103449,61,CUUCGACCCGAGCCCGUCAGCUAACCUCG
260,4e8m,EPE,A,394,0.5172413793103449,1,GGGUGUGCCCGGCAUGGGUGCAGUCUAUA
338,5bjo,IU,E,35,0.5172413793103449,4,CGAGGAAGGAGGCUGAGGAGGUCACUGCG
8,1c0o,NCO,A,14,0.5,0,GGGUCUUCGGGUCC
408,6c8l,EQ1,B,10,0.5,5,ACUUAAGUCG
404,6c8e,EQ1,B,10,0.5,5,ACUUAAGUCG
405,6c8i,EQ4,B,10,0.5,5,ACUUAAGUCG
406,6c8j,EQ4,A,10,0.5,5,ACUUAAGUCG
455,6jji,POH,B,14,0.5,3,GGCUCGGCGGCGGA
454,6jjh,POH,B,14,0.5,3,GGCUCGGCGGCGGA
412,6cab,LCG,A,10,0.5,5,ACUUAAGUCG
469,6qir,J48,A,8,0.5,1,GCAGCAGC
409,6c8m,EQ1,A,10,0.5,5,ACUUAAGUCG
383,5v2h,CBV,A,6,0.5,3,GAAUCG
219,3gs8,S9L,B,12,0.5,5,CGGUGAGAAGGG
237,3p59,5BU,A,14,0.5,13,CCGGAGGAACUACG
403,6c8d,LCG,A,10,0.5,5,ACUUAAGUCG
471,6qit,J48,B,8,0.5,1,GCAGCAGC
470,6qis,J48,A,8,0.5,1,GCAGCAGC
288,4gpw,6HS,A,22,0.5,3,UGCGUCGCGCCGGCGAAGUCGC
346,5dhb,LCG,A,4,0.5,0,UACA
360,5hbw,PZG,B,4,0.5,0,UACA
62,1zfx,NCO,B,12,0.5,0,CGGUGAUAAGGG
345,5d8t,U5M,A,6,0.5,3,GAAUCG
407,6c8k,EQ1,B,10,0.5,5,ACUUAAGUCG
472,6qiv,J4H,A,8,0.5,1,GCAGCAGC
135,2npz,PDI,B,12,0.5,5,CGGUGAGAAGGG
458,6n5n,2BA,A,124,0.4827586206896552,76,UUCUGUCCCGCACCCGACAGCUAACUCCG
459,6n5o,2BA,A,125,0.4827586206896552,77,UUCUGUCCCGCACCCGACAGCUAACUCCG
462,6n5s,2BA,A,122,0.4827586206896552,75,UUCUGUCCCGCACCCGACAGCUAACUCCG
463,6n5t,2BA,A,125,0.4827586206896552,77,UUCUGUCCCGCACCCGACAGCUAACUCCG
461,6n5q,2BA,A,127,0.4827586206896552,79,UUCUGUCCCGCACCCGACAGCUAACUCCG
457,6n5k,2BA,A,124,0.4827586206896552,76,UUCUGUCCCGCACCCGACAGCUAACUCCG
460,6n5p,2BA,A,126,0.4827586206896552,78,UUCUGUCCCGCACCCGACAGCUAACUCCG
234,3npq,SAH,A,51,0.4827586206896552,3,CGAGGAGCGCUGCAAGCGAGAGCCCAGGC
235,3owz,GDP,A,86,0.4827586206896552,44,UGCGGAAACGCAGAGUGAAACUCUCAGGC
251,3suh,FFO,X,100,0.4827586206896552,25,AGUGCCUGAGGGACGGGGAGUUGUCCUCA
271,4faq,EPE,A,396,0.4827586206896552,254,CUGCAUUCUUACCCGGGGAGGUCUGGAAA
268,4erl,LYS,A,161,0.4827586206896552,1,GACGGAGGCGCGCCCGAGAUGAGUAGGCU
266,4e8v,EPE,A,389,0.4827586206896552,248,CUGCAUUCUUACCCGGGGAGGUCUGGAAA
85,2eev,HPA,A,67,0.4827586206896552,11,CGCGUGGAUAUGGCACGCAAGUUUCUGCC
265,4e8t,SPM,A,388,0.4827586206896552,247,CUGCAUUCUUACCCGGGGAGGUCUGGAAA
435,6e80,IRI,A,35,0.4827586206896552,4,GAGGAAGGAGGUCUGAGGAGGUCACUGCG
252,3sux,CCC,X,100,0.4827586206896552,25,AGUGCCUGAGGGACGGGGAGUUGUCCUCA
438,6e84,J0D,A,36,0.4827586206896552,5,GAGGAAGGAGGUCUGAGGAGGUCACUGCG
273,4fau,SPM,A,393,0.4827586206896552,252,CUGCAUUCUUACCCGGGGAGGUCUGGAAA
272,4far,SPM,A,390,0.4827586206896552,249,CUGCAUUCUUACCCGGGGAGGUCUGGAAA
274,4faw,SPM,A,390,0.4827586206896552,248,CUGCAUUCUUACCCGGGGAGGUCUGGAAA
259,4e8k,EPE,A,388,0.4827586206896552,247,CUGCAUUCUUACCCGGGGAGGUCUGGAAA
318,4qka,2BA,A,118,0.4827586206896552,71,UUCUGUCCCGCACCCGACAGCUAACUCCG
436,6e81,TFX,A,36,0.4827586206896552,5,GAGGAAGGAGGUCUGAGGAGGUCACUGCG
476,6t3n,EPE,A,394,0.4827586206896552,253,CUGCAUUCUUACCCGGGGAGGUCUGGAAA
339,5bjp,747,Y,36,0.4827586206896552,5,GAGGAAGGAGGUCUGAGGAGGUCACUGCG
478,6t3s,EPE,A,393,0.4827586206896552,252,CUGCAUUCUUACCCGGGGAGGUCUGGAAA
331,4y1j,GTP,A,100,0.4827586206896552,32,GUCGUCUAUUCGUGAGGAAACUCACCGGC
358,5fkg,SAM,A,94,0.4827586206896552,0,GGCUUAUCAAGAGAGGGGGAGUGACUGGC
316,4qk8,2BA,A,120,0.4827586206896552,73,UUCUGUCCCGCACCCGACAGCUAACUCCG
321,4rzd,GTP,A,98,0.4827586206896552,40,GCCGGGCCAAACCCAUAGGGCUGGCGGUC
477,6t3r,SPM,A,389,0.4827586206896552,248,CUGCAUUCUUACCCGGGGAGGUCUGGAAA
291,4gxy,B1Z,A,161,0.4827586206896552,36,AGCCGGUGCAAGUCCGGCACGGUCCCGCC
372,5ob3,1TU,A,69,0.4827586206896552,39,UGUUGAGUAGAGUGUGGGCUCCGUACUCC
178,3d0u,LYS,A,161,0.4827586206896552,1,GACGGAGGCGCGCCCGAGAUGAGUAGGCU
236,3oxm,GDP,A,86,0.4827586206896552,44,UGCGGAAACGCAGAGUGAAACUCUCAGGC
149,2tra,1MG,A,65,0.4827586206896552,3,GUGAUAGUUAAGGCAGAAUGGGCGCUGUC
475,6t3k,SPM,A,390,0.4827586206896552,249,CUGCAUUCUUACCCGGGGAGGUCUGGAAA
20,1f7h,NCO,A,27,0.48148148148148145,1,GGAAGUCCGGUCUUCGGACCGGCUUCC
18,1f78,NCO,A,27,0.48148148148148145,1,GGAAGUCCGGUCUUCGGACCGGCUUCC
74,2cd5,NCO,A,27,0.48148148148148145,1,GGAAGUCCGGUCUUCGGACCGGCUUCC
381,5v0o,8OS,A,23,0.4782608695652174,2,UGAGGUGGAGCGCGAAAGCGCUC
255,3wru,SJP,A,21,0.47619047619047616,4,GCGUCACGCCGGCGAAGUCGC
17,1f27,BTN,A,19,0.47368421052631576,10,ACCGUCAGAGGACACGGUU
449,6hc5,CBV,A,17,0.47058823529411764,11,GGUGGGGACGACCCCAC
217,3gs1,S9L,C,17,0.47058823529411764,0,GGCAGAGAAACACACGA
61,1zfv,NCO,C,17,0.47058823529411764,0,GGCAGAGAAACACACGA
143,2p7d,S9L,C,17,0.47058823529411764,0,GGCAGAGAAACACACGA
448,6hbt,CBV,A,17,0.47058823529411764,11,GGUGGGGACGACCCCAC
63,1zz5,CNY,A,15,0.4666666666666667,12,GUGGUGAAGUCGCGG
389,5vjb,5BU,A,15,0.4666666666666667,1,GCGGGGACGACCCGC
453,6jbg,S81,B,22,0.45454545454545453,3,UGCGUCACGCCGGCGAAGUCGC
290,4gpy,6HS,A,22,0.45454545454545453,3,UGCGUCACGCCGGCGAAGUCGC
162,3b4b,3AD,A,20,0.45,4,GCGCCUGGACUUAAAGCCAU
163,3b4c,3AD,A,20,0.45,4,GCGCCUGGACUUAAAGCCAU
158,2z75,GLP,A,20,0.45,4,GCGCCUGGACUUAAAGCCAU
157,2z74,G6P,A,20,0.45,4,GCGCCUGGACUUAAAGCCAU
109,2h0z,G6P,A,20,0.45,4,GCGCCUGGACUUAAAGCCAU
417,6ck5,PRP,A,108,0.4482758620689655,42,GACCGAGCGGUACAGGUAUAUUAUAUACC
424,6dmc,G4P,A,100,0.4482758620689655,30,GGAAGGACCAAGCGGUACAGGCCUACUUC
211,3gao,XAN,A,67,0.4482758620689655,11,CGCGUGGAUAUGGCACGCAAGUUUCUACC
215,3gog,6GU,A,65,0.4482758620689655,10,CGCGUGGAUAUGGCACGCAAGUUUCUACC
214,3ges,6GO,A,67,0.4482758620689655,11,CGCGUGGAUAUGGCACGCAAGUUUCUACC
216,3got,A2F,A,67,0.4482758620689655,11,CGCGUGGAUAUGGCACGCAAGUUUCUACC
213,3ger,6GU,A,67,0.4482758620689655,11,CGCGUGGAUAUGGCACGCAAGUUUCUACC
207,3fo4,6GU,A,63,0.4482758620689655,9,CGCGUGGAUAUGGCACGCAAGUUUCUACC
425,6dmd,G4P,A,100,0.4482758620689655,30,GGAAGGACCAAGCGGUACAGGCCUACUUC
150,2xnw,ZZR,A,65,0.4482758620689655,10,CGCGUGGAUAUGGCACGCAAGUUUCUACC
151,2xnz,3AW,A,65,0.4482758620689655,10,CGCGUGGAUAUGGCACGCAAGUUUCUACC
15,1evv,YG,A,62,0.4482758620689655,24,AGAUAAAUGGAGUCUGUGCGUCCACAGAA
467,6q57,T0A,A,89,0.4482758620689655,45,CACACAACGAAGCGAGAGCGCGGUGAAUC
465,6p2h,GTP,A,68,0.4482758620689655,8,CUCCAAAAUAUGGUUGGGGAGCCUCCACC
155,2ygh,SAM,A,95,0.4482758620689655,0,GGCUUAUCAAGAGAGGUGAAGGGACUGGC
208,3fo6,6GO,A,67,0.4482758620689655,11,CGCGUGGAUAUGGCACGCAAGUUUCUACC
210,3g4m,2BP,A,67,0.4482758620689655,11,CGCGUGGAUAUGGCACGCAAGUUUCUACC
104,2gcv,A23,B,122,0.4482758620689655,35,AUCGGCGGGUGCCCUGCGGUCUUCCUGCG
117,2hop,218,A,76,0.4482758620689655,12,GCCCGCGUGAAGGCUGAGAAAUACCCGUA
287,4gma,B1Z,Z,192,0.4482758620689655,111,GUGGGAAGGCAGGGUGGAGGAUGAGUCCC
357,5fkf,SAM,A,94,0.4482758620689655,15,GGCGAGCGACUGGCGCGAAGAUCCCCGGC
317,4qk9,2BA,A,116,0.4482758620689655,9,CCCUGAAGGGAAACGGGGGACCCAAUGGG
295,4kqy,SAM,A,119,0.4482758620689655,18,AGAGGGACUGGCCCGACGAAGCUUCAGCA
278,4fej,HPA,B,67,0.4482758620689655,1,GACAUAUAUUCGCGUGGAUAUGGCACGCA
299,4lvx,H4B,A,89,0.4482758620689655,45,CACACAACGAAGCGAGAGCGCGGUGAAUC
297,4lvv,FFO,A,89,0.4482758620689655,45,CACACAACGAAGCGAGAGCGCGGUGAAUC
69,2b57,6AP,A,65,0.4482758620689655,10,CGCGUGGAUAUGGCACGCAAGUUUCUACC
298,4lvw,7DG,A,89,0.4482758620689655,45,CACACAACGAAGCGAGAGCGCGGUGAAUC
301,4lvz,6AP,A,89,0.4482758620689655,45,CACACAACGAAGCGAGAGCGCGGUGAAUC
300,4lvy,LYA,A,89,0.4482758620689655,45,CACACAACGAAGCGAGAGCGCGGUGAAUC
326,4wfl,GTP,A,105,0.4482758620689655,15,GAGGUAGCGGUGCCCUGUACCUGCAAUCC
323,4ts2,CCC,Y,46,0.4482758620689655,16,GUAGAGUGUGAGCUCCGUAACUGGUCGCG
47,1tn2,YG,A,62,0.4482758620689655,24,AGAUAAAUGGAGUCUGUGCGUCCACAGAA
45,1raw,AMP,A,36,0.4482758620689655,7,GAAGAAACUGCGGCUUCGGCCGGCUUCCC
349,5fk1,SAM,A,94,0.4482758620689655,0,GGCUUAUCAAGAGAGGGGGAGCGACUGGC
342,5c7u,HPA,B,67,0.4482758620689655,11,CGCGUGGAUAUGGCACGCAAGUUUCUACC
456,6jq6,IRI,U,81,0.4482758620689655,32,CUUAUAUCUAAUCUUCGGAUUAGUAUUAG
343,5c7w,50N,C,65,0.4482758620689655,10,CGCGUGGAUAUGGCACGCAAGUUUCUACC
0,12ci,LDP,A,82,0.4482758620689655,24,UGGAUAUGGCACGCAGUCAGGUGUUGGGC
350,5fk2,SAM,A,94,0.4482758620689655,0,GGCUUAUCAAGAGAGGGGGAGCGACUGGC
327,4wfm,GTP,A,101,0.4482758620689655,15,GAGGUAGCGGUGCCCUGUACCUGCAAUCC
333,4y1n,IRI,A,249,0.4482758620689655,11,UGCAGUCUAUAGGGUGAGAGUCCCGAACU
46,1tn1,YG,A,62,0.4482758620689655,24,AGAUAAAUGGAGUCUGUGCGUCCACAGAA
330,4y1i,GTP,A,100,0.4482758620689655,32,GUCGUCAAUUCGUGAGGAAACUCACCGGC
312,4p5j,A23,A,83,0.4482758620689655,27,GACACGACAGAUAAUCGGGUGCAACUCCC
56,1y27,GDP,X,66,0.4482758620689655,11,CGCGUGGAUAUGGCACGCAAGUUUCUACC
43,1q8n,MGR,A,38,0.4482758620689655,7,GACUGGCGAGAGCCAGGUAACGAAUGGAU
242,3sd3,FFO,A,89,0.4482758620689655,45,CACACAACGAAGCGAGAGCGCGGUGAAUC
108,2h0w,A23,B,122,0.4482758620689655,35,AUCGGCGGGUGCCCUGCGGUCUUCCUGCG
258,4b5r,SAM,A,94,0.4482758620689655,0,GGCUUAUCAAGAGAGGGGGAGCGACUGGC
257,4aob,SAM,A,94,0.4482758620689655,0,GGCUUAUCAAGAGAGGGCAAGAGACUGGC
233,3npn,SAH,A,50,0.4482758620689655,3,CGAGGAGCGUUGCAAGCGAAAGCCCAGGC
277,4fe5,HPA,B,67,0.4482758620689655,11,CGCGUGGAUAUGGCACGCAAGUUUCUACC
280,4fen,HPA,B,67,0.4482758620689655,1,GACAUAUAUACGCGUGGAUAUGGCACGCG
84,2eeu,HPA,A,67,0.4482758620689655,11,CGCGUGGAUAUGGCACGCAAGUUUCUUCC
82,2ees,HPA,A,67,0.4482758620689655,11,CGCGUGGAUAUGGCACGCAAGUUUCUACC
426,6dme,G4P,A,100,0.4482758620689655,30,GGAAGGACCAAGCGGUACAGGCCUACUUC
414,6cc1,GTP,B,100,0.4482758620689655,32,GUCGUCAUUACGUGAGGAAACUCACCGGC
413,6cb3,GTP,A,99,0.4482758620689655,32,GUCGUCAAUUCGUGAGGAAACUCACCGGC
152,2xo0,ZZS,A,65,0.4482758620689655,10,CGCGUGGAUAUGGCACGCAAGUUUCUACC
153,2xo1,N6M,A,65,0.4482758620689655,10,CGCGUGGAUAUGGCACGCAAGUUUCUACC
124,2kx8,ARG,A,42,0.4482758620689655,3,AAAUGAGGCGCUGCAUGUGGCAGUCUGCC
282,4fep,6AP,B,67,0.4482758620689655,1,GACAUAUAUACGCGUGGAUAUGGCACGCG
83,2eet,HPA,A,67,0.4482758620689655,11,CGCGUGGAUAUGGCACGCAAGUUUCUACC
240,3rkf,DX4,A,67,0.4482758620689655,11,UGCGUGGAUAUAGCACGCAGGUUUCUACC
111,2ho7,A23,B,122,0.4482758620689655,35,AUCGGCGGGUGCCCUGCGGUCUUCCUGCG
110,2ho6,A23,B,122,0.4482758620689655,35,AUCGGCGGGUGCCCUGCGGUCUUCCUGCG
103,2g9c,3AY,A,67,0.4482758620689655,11,CGCGUGGAUAUGGCACGCAAGUUUCUACC
21,1f7i,NCO,A,27,0.4444444444444444,1,GGAAGUUCGGUCUUCGGACCGGCUUCC
390,5xi1,MYC,A,9,0.4444444444444444,1,CCGCAGCGG
19,1f79,NCO,A,27,0.4444444444444444,1,GGAAGUUCGGUCUUCGGACCGGCUUCC
55,1xsu,NCO,A,27,0.4444444444444444,2,GGAAGCUCGGUCUUCGGACCGGCUUCC
75,2cd6,NCO,A,27,0.4444444444444444,1,GGAAGUUCGGUCUUCGGACCGGCUUCC
107,2gun,T2T,B,9,0.4444444444444444,1,GAAGAAGAA
54,1xst,NCO,A,27,0.4444444444444444,1,GGAAGACCGGUCUUCGGACCGGCUUCC
254,3tzr,SS0,B,16,0.4375,0,GGUCGUGCAGCCUCGG
39,1nyi,5GP,A,16,0.4375,2,GUGGUCUGAUGAGGCC
452,6jbf,V71,B,23,0.43478260869565216,2,UUGCGUCACGCCGGCGAAGUCGC
392,5z1h,FSJ,B,23,0.43478260869565216,2,UUGCGUCACGCCGGCGAAGUCGC
315,4pdq,NMZ,B,23,0.43478260869565216,2,UUGCGUCACGCCGGCGAAGUCGC
91,2et5,RIO,A,21,0.42857142857142855,4,GCGUCACACCGGUGAAGUCGC
92,2et8,XXX,B,21,0.42857142857142855,4,GCGUCACACCGGUGAAGUCGC
294,4k32,GET,A,21,0.42857142857142855,4,GCGUCGUUCCGGAAAAGUCGC
41,1o9m,BDG,B,21,0.42857142857142855,4,GCGUCACACCGGUGAAGUCGC
336,4zc7,PAR,C,21,0.42857142857142855,4,GCGUCGUUCCGGAAAAGUCGC
73,2bee,JS4,A,21,0.42857142857142855,4,GCGUCACACCGGUGAAGUCGC
34,1mwl,GET,A,21,0.42857142857142855,4,GCGUCACACCGGUGAAGUCGC
88,2esj,LIV,A,21,0.42857142857142855,4,GCGUCACACCGGUGAAGUCGC
93,2f4s,XXX,A,21,0.42857142857142855,4,GCGUCACACCGGUGAAGUCGC
310,4p20,AKN,A,21,0.42857142857142855,4,GCGUCACACCGGUGAAGUCGC
87,2esi,KAN,B,21,0.42857142857142855,4,GCGUCACACCGGUGAAGUCGC
269,4f8u,SIS,B,21,0.42857142857142855,4,GCGUCACACCGGUGAAGUCGC
90,2et4,NMY,A,21,0.42857142857142855,4,GCGUCACACCGGUGAAGUCGC
89,2et3,LLL,A,21,0.42857142857142855,4,GCGUCACACCGGUGAAGUCGC
270,4f8v,SIS,B,21,0.42857142857142855,4,GCGUCACACCGGUGAAGUCGC
146,2pwt,LHA,B,21,0.42857142857142855,4,GCGUCACACCGGUGAAGUCGC
31,1lc4,TOY,A,21,0.42857142857142855,4,GCGUCACACCGGUGAAGUCGC
175,3bnt,5BU,A,21,0.42857142857142855,4,CGCGUCACCCGAGCAAGUCGC
27,1j7t,PAR,A,21,0.42857142857142855,4,GCGUCACACCGGUGAAGUCGC
139,2o3y,SPM,B,21,0.42857142857142855,4,GCGUCGCUCCGGAAAAGUCGC
138,2o3x,N30,B,21,0.42857142857142855,4,GCGUCACACCGGUGAAGUCGC
137,2o3w,PAR,B,21,0.42857142857142855,4,GCGUCGCUCCGGAAAAGUCGC
72,2be0,JS5,A,21,0.42857142857142855,4,GCGUCACACCGGUGAAGUCGC
95,2f4u,AB6,B,21,0.42857142857142855,4,GCGUCACACCGGUGAAGUCGC
67,2a04,NMY,B,14,0.42857142857142855,10,CGCGUCACACCACC
241,3s4p,JS6,B,21,0.42857142857142855,4,GCGUCACACCGGUGAAGUCGC
394,5z71,GET,A,19,0.42105263157894735,6,UGCGUCGCUCCGGAGUCGC
78,2d2l,A2M,A,12,0.4166666666666667,6,UCCCGUCCACCG
52,1x9c,A2M,A,12,0.4166666666666667,6,UCCCGUCCACCG
77,2d2k,A2M,A,12,0.4166666666666667,6,UCCCGUCCACCG
286,4g6s,3DA,A,12,0.4166666666666667,6,UCCCGUCCACCG
64,21cc,PP9,A,12,0.4166666666666667,7,UAGGGUUAGGGU
232,3mij,R14,A,12,0.4166666666666667,7,UAGGGUUAGGGU
285,4g6p,A2M,A,12,0.4166666666666667,6,UCCCGUCCACCG
225,3i2q,A2M,A,12,0.4166666666666667,6,UCCCGUCCACCG
227,3i2s,A2M,A,12,0.4166666666666667,6,UCCCGUCCACCG
134,2npy,2AU,A,12,0.4166666666666667,6,UCCCGUCCACCG
145,2p7f,3DA,A,12,0.4166666666666667,6,UCCCGUCCACCG
60,1zft,A2M,A,12,0.4166666666666667,6,UCCCGUCCACCG
169,3bbi,A2M,A,12,0.4166666666666667,6,UCCCGUCCACCG
142,2oue,A2M,A,12,0.4166666666666667,6,UCCCGUCCACCG
165,3b5a,A2M,A,12,0.4166666666666667,6,UCCCGUCCACCG
167,3b5s,A2M,A,12,0.4166666666666667,6,UCCCGUCCACCG
171,3bbm,A2M,A,12,0.4166666666666667,6,UCCCGUCCACCG
129,2lwk,0EC,A,32,0.41379310344827586,1,AGUAGAAACAAGGCUUCGGCCUGCUUUUG
415,6cc3,GTP,A,100,0.41379310344827586,28,CAAAGUCGACAUACUGUGAGGAAACUCAC
128,2l94,L94,A,45,0.41379310344827586,1,GGAAGAUCUGGCCUUCCCACAAGGGAAGG
161,3b4a,A23,B,121,0.41379310344827586,7,AGUUGACGAGAGCAGGGUUUAUCGAGACA
466,6pq7,OXV,C,37,0.41379310344827586,7,GGAAGGUUUGGUAUGGGGUAGUUGUCGUA
25,1gid,NCO,A,158,0.41379310344827586,7,GGGAAAGGGGUCAACAGCCGUUCAGUACC
474,6svs,GTP,A,77,0.41379310344827586,32,UUCAGGUUUUUCUUUUUGGCCUUUCUUAA
154,2ydh,SAM,A,94,0.41379310344827586,11,AGAGGUUUAGGGACUGGCCCGACGAAACC
203,3f30,GTP,X,107,0.41379310344827586,48,AGUAGCUUUGAUUUGGUGAAAUUCCAAAA
205,3f4g,RBF,Y,56,0.41379310344827586,18,UCCAAAACCGACAGUAGAGUCUGGAUGAG
179,3d2g,TPP,A,77,0.41379310344827586,1,GGACCAGGGGUGCUUGUUCACAGGCUGAG
181,3d2x,D2X,A,77,0.41379310344827586,1,GGACCAGGGGUGCUUGUUCACAGGCUGAG
180,3d2v,PYI,A,77,0.41379310344827586,1,GGACCAGGGGUGCUUGUUCACAGGCUGAG
423,6dlt,GTP,A,105,0.41379310344827586,3,AGUGUGUCUAGGGUUCCGCGUGCUUCGGC
193,3ds7,GNG,A,67,0.41379310344827586,27,GCAAGAUCCCGCCGGGCACCGUAAAUGUC
421,6dlr,CCC,A,106,0.41379310344827586,4,AGUGUGUCUAGGGUUCCGCGUGCUUCGGC
422,6dls,GTP,A,105,0.41379310344827586,3,AGUGUGUCUAGGGUUCCGCGUGCUUCGGC
416,6ck4,G4P,A,101,0.41379310344827586,39,GACCGAGCGGUACAGGUAAUACCACACCU
420,6dlq,GTP,A,105,0.41379310344827586,3,AGUGUGUCUAGGGUUCCGCGUGCUUCGGC
429,6dn3,GZ4,Y,56,0.41379310344827586,18,UCCAAAACCGACAGUAGAGUCUGGAUGAG
112,2hoj,TPP,A,78,0.41379310344827586,12,GCCCUCGUGAAGGCUGAGAAAUACCCGUA
113,2hok,TPP,A,78,0.41379310344827586,13,CCCUGCGUGAAGGCUGAGAAAUACCCGUA
114,2hol,TPP,A,79,0.41379310344827586,12,GCCCUCGUGAAGGCUGAGAAAUACCCGUA
115,2hom,TPS,A,80,0.41379310344827586,13,CCCUGCGUGAAGGCUGAGAAAUACCCGUA
116,2hoo,BFT,A,83,0.41379310344827586,16,UUCUGCGUGAAGGCUGAGAAAUACCCGUA
118,2i7e,NCO,A,43,0.41379310344827586,0,GGGAUAUGGAAGAACCGGGGAAACUUGGU
105,2gdi,GTP,Y,78,0.41379310344827586,14,UUCUGCGUGAAGGCUGAGAAAUACCCGUA
373,5t83,SPK,A,90,0.41379310344827586,9,AGGGUUCCGCGUCAUAGGUGGUCUGGUCC
371,5lyv,CCC,A,56,0.41379310344827586,12,CCCAUUGAUCGCCUUCGGGCUGAUCUGGC
370,5lys,CCC,A,56,0.41379310344827586,12,CCCAUUGAUCGCCUUCGGGCUGAUCUGGC
106,2gis,SAM,A,94,0.41379310344827586,0,GGCUUAUCAAGAGAGGUGGAGGGACUGGC
220,3gx2,SFG,A,94,0.41379310344827586,0,GGCUUAUCAAGAGAGGUGGAGGGACUGGC
221,3gx3,SAH,A,94,0.41379310344827586,0,GGCUUAUCAAGAGAGGUGGAGGGACUGGC
222,3gx5,SAM,A,94,0.41379310344827586,0,GGCUUAUCAAGAGAGGUGGAGGGACUGGC
223,3gx6,SAM,A,94,0.41379310344827586,0,GGCUUAUCAAGAGAGGUGGAGGGACUGGC
198,3f2q,GTP,X,107,0.41379310344827586,48,AGUAGCUUUGAUUUGGUGAAAUUCCAAAA
199,3f2t,GTP,X,107,0.41379310344827586,48,AGUAGCUUUGAUUUGGUGAAAUUCCAAAA
200,3f2w,GTP,X,107,0.41379310344827586,48,AGUAGCUUUGAUUUGGUGAAAUUCCAAAA
201,3f2x,GTP,X,107,0.41379310344827586,48,AGUAGCUUUGAUUUGGUGAAAUUCCAAAA
202,3f2y,GTP,X,107,0.41379310344827586,48,AGUAGCUUUGAUUUGGUGAAAUUCCAAAA
244,3skl,GTP,A,64,0.41379310344827586,25,UACUGACCCCGCCUUCAAACCUAUUUGGA
243,3ski,GTP,A,66,0.41379310344827586,26,UACUGACCCCGCCUUCAAACCUAUUUGGA
250,3slq,GTP,A,66,0.41379310344827586,26,UACUGACCCCGCCUUCAAACCUAUUUGGA
230,3iqr,SAM,A,94,0.41379310344827586,0,GGCUUAUCAAGAGAGGUGGAGGGACUGGC
229,3iqn,SAM,A,94,0.41379310344827586,0,GGCUUAUCAAGAGAGGUGGAGGGACUGGC
249,3slm,GTP,A,66,0.41379310344827586,26,UACUGACCCCGCCUUCAAACCUAUUUGGA
246,3skt,GTP,A,64,0.41379310344827586,25,UACUGACCCCGCCUUCAAACCUAUUUGGA
247,3skw,GTP,A,64,0.41379310344827586,25,UACUGACCCCGCCUUCAAACCUAUUUGGA
248,3skz,GTP,A,66,0.41379310344827586,26,UACUGACCCCGCCUUCAAACCUAUUUGGA
267,4enb,GTP,A,51,0.41379310344827586,18,AACUGCCCUGAAAAGGGCUGAUGGCCUCU
86,2eew,HPA,A,67,0.41379310344827586,1,GACAUAUAAUCGCGUGGAUAUGGCACGCA
441,6e8u,HZD,B,37,0.41379310344827586,7,GGAAGGUUUGGUAUGGGGUAGUUGUCGUA
439,6e8s,EKJ,A,38,0.41379310344827586,9,GAAGGAUUGGUAUGUGGUAUAUUCGUAGC
444,6gyv,MES,A,190,0.41379310344827586,97,GUGGGGGACGAUCCCGUAACAUCCGUCCU
443,6g7z,MES,B,54,0.41379310344827586,16,CUCAGGUGUGUUCAAUGAACAGUCGUUCC
302,4lx5,29G,A,71,0.41379310344827586,14,CGAAUGAUAUGGUUUCGGAGCUUCCACCA
296,4l81,SAM,A,96,0.41379310344827586,28,UGGGACGGACACCCAAGGUGCUCACACCG
279,4fel,HPA,B,67,0.41379310344827586,1,GACAUAUAAACGCGUGGAUAUGGCACGCG
303,4lx6,29H,A,71,0.41379310344827586,14,CGAAUGAUAUGGUUUCGGAGCUUCCACCA
256,486d,YYG,A,64,0.41379310344827586,24,AGAUGAAAUUGGAGAUGGGGCAAUUCCCC
281,4feo,6AP,B,67,0.41379310344827586,1,GACAUAUAAACGCGUGGAUAUGGCACGCG
245,3skr,GTP,A,64,0.41379310344827586,25,UACUGACCCCGCCUUCAAACCUAUUUGGA
309,4oqu,SAM,A,97,0.41379310344827586,28,UGGGACGGACACCCAAGGUGCUCACACCG
308,4nyg,A23,A,78,0.41379310344827586,12,GCCCUCGUGAAGGCUGAGAAAUACCCGUA
305,4nya,GTP,B,78,0.41379310344827586,14,UUCUGCGUGAAGGCUGAGAAAUACCCGUA
313,4p9r,IRI,A,189,0.41379310344827586,96,GUGGGGGACGAUCCCGUAACAUCCGUCCU
359,5fkh,SAM,A,94,0.41379310344827586,0,GGCUUAUCAAGAGAGGGUGAGCGACUGGC
76,2cky,TPP,A,77,0.41379310344827586,1,GGACCAGGGGUGCUUGUUCACAGGCUGAG
354,5fk6,SAM,A,94,0.41379310344827586,0,GGCUUAUCAAGAGAGGGAGAGCGACUGGC
355,5fkd,SAM,A,94,0.41379310344827586,0,GGCUUAUCAAGAGAGGGAGAGCGACUGGC
356,5fke,SAM,A,94,0.41379310344827586,0,GGCUUAUCAAGAGAGGGUGAGCGACUGGC
353,5fk5,SAM,A,94,0.41379310344827586,0,GGCUUAUCAAGAGAGGGAGAGCGACUGGC
352,5fk4,SAM,A,93,0.41379310344827586,0,GGCUUAUCAAGAGAGGGUGAGCGACUGGC
363,5kpy,4PQ,A,71,0.41379310344827586,17,UGGAUAUGGCACGCAUUGAAUUGUUGGAC
334,4yaz,4BW,R,83,0.41379310344827586,34,GGCGGAAAGCCUAAGGGUCUCCCUGAGAC
322,4ts0,CCC,X,43,0.41379310344827586,9,GAAUGAAAUGGUGAAGGACGGGUCCAGCC
351,5fk3,SAM,A,94,0.41379310344827586,0,GGCUUAUCAAGAGAGGGCGAGCGACUGGC
328,4xw7,AMZ,A,64,0.41379310344827586,19,GGUGGGAAACCACCGGGGAGCGACCCUUG
329,4xwf,AMZ,A,64,0.41379310344827586,19,GGUGGGAAACCACCGGGGAGCGACCCUUG
335,4yb0,C2E,R,83,0.41379310344827586,34,GGCGGAAAGCCUAAGGGUCUCCCUGAGAC
348,5fjc,GTP,A,93,0.41379310344827586,14,GGGGAGUGACUGGCGCGAAGAACCCCGGC
337,4znp,AMZ,A,73,0.41379310344827586,36,GGACUGUAUCCGAAAAAAAGCCGACCGCC
344,5d5l,GTP,A,76,0.41379310344827586,7,GAAAGGUCUUCCACGACGAUACUUAUUUC
141,2oe8,AM2,B,17,0.4117647058823529,2,CGGUACUAAAAGUCGCC
391,5xz1,GET,A,22,0.4090909090909091,3,UGCGUCGCUCCGGAAAAGUCGC
174,3bnr,PAR,C,22,0.4090909090909091,3,UUGCGUCACCCGAGCAAGUCGC
173,3bnq,PAR,C,22,0.4090909090909091,3,UUGCGUCACCCGAGCAAGUCGC
293,4k31,AM2,C,22,0.4090909090909091,3,UGCGUCGUUCCGGAAAAGUCGC
101,2fqn,NCO,A,22,0.4090909090909091,3,UGCGUCGCUCCGGAAAAGUCGC
102,2g5k,AM2,B,22,0.4090909090909091,3,UGCGUCGCUCCGGAAAAGUCGC
136,2o3v,N33,A,22,0.4090909090909091,3,UGCGUCGCUCCGGAAAAGUCGC
119,2juk,G0B,A,22,0.4090909090909091,1,GGCCUUCCCACAAGGGAAGGCC
172,3bnl,NCO,B,22,0.4090909090909091,3,UGCGUCACACCGGUGAAGUCGC
38,1ntb,SRY,A,22,0.4090909090909091,3,GGAUCGCAUUUGGACUUCUGCC
37,1nta,SRY,A,22,0.4090909090909091,3,GGAUCGCAUUUGGACUUCUGCC
148,2tob,TOA,A,20,0.4,6,ACUUGGUUUAGGUAAUGAGU
94,2f4t,AB9,B,23,0.391304347826087,2,UUGCGUCACACCGGUGAAGUCGC
59,1yrj,AM2,A,23,0.391304347826087,2,UUGCGUCACACCGGUGAAGUCGC
253,3td1,GET,A,21,0.38095238095238093,8,UGCGUCGCGCGACGAAGUCGC
311,4p3s,GET,B,21,0.38095238095238093,6,UGCGUCCCGCGACGAAGUCGC
396,5zej,PAR,A,21,0.38095238095238093,4,UGCGUCCGUCGACGAAGUCGC
395,5zei,GET,A,21,0.38095238095238093,4,UGCGUCCGUCGACGAAGUCGC
367,5kx9,6YG,X,53,0.3793103448275862,0,GGAUCUUCGGGGCAGGGUGAAAUUCCCGA
292,4jf2,GTP,A,76,0.3793103448275862,5,GCGAAAGCGGUUCCACGACGAUACUUAUU
399,6c27,GTP,A,46,0.3793103448275862,16,GGAUGGCGGAAACGCCAGAUGCCUUGUCC
206,3f4h,RS3,X,54,0.3793103448275862,0,GGAUCUUCGGGGCAGGGUGAAAUUCCCGA
401,6c64,EKM,A,36,0.3793103448275862,6,GAAGGAGAGGAGAGGAAGAGGAGAGUACG
340,5btp,AMZ,B,62,0.3793103448275862,20,UGGAAUUAACCACAUGAAGUAUAAAUGCC
402,6c65,EKJ,A,36,0.3793103448275862,6,GAAGGAGAGGAGAGGUAGAGGAGAGUACG
400,6c63,EKJ,A,36,0.3793103448275862,6,GAAGGAGAGGAGAGGAAGAGGAGAGUACG
428,6dn2,GZG,X,53,0.3793103448275862,0,GGAUCUUCGGGGCAGGGUGAAAUUCCCGA
427,6dn1,GZ7,X,54,0.3793103448275862,0,GGAUCUUCGGGGCAGGGUGAAAUUCCCGA
68,2au4,GTP,A,41,0.3793103448275862,7,AGUGGUUGGGCGCUUCGGCGUGUGAAAAC
66,23ka,AMR,A,35,0.3793103448275862,0,GCUUGCUCUAAGGCAUGAAAGUGCUAUGA
445,6gzk,FH8,A,48,0.3793103448275862,9,AACCGAAAGGUUCUUGGCUGCUUCGGCAG
442,6fz0,SAM,A,47,0.3793103448275862,2,GGCAUUUGAACUGUAUUGUACGCCUUGCA
35,1nbk,GND,A,34,0.3793103448275862,5,CUUGAUCCCGGAAACGGUCGAUCGCUCCC
446,6gzr,FH8,A,48,0.3793103448275862,9,AACCGAAAGGUUCUUGGCUGCUUCGGCAG
65,23jz,AMR,A,35,0.3793103448275862,0,GCUUGCUCUAAGGCAUGAAAGUGCUAUGA
440,6e8t,HZG,D,35,0.3793103448275862,6,AGGAGGUUUGGUAUGUGGUAUAUUCGUAC
156,2yie,FMN,X,53,0.3793103448275862,14,GGUGAAAUUCCCGACCGGUGGUAUAGUCC
131,2miy,PRF,A,59,0.3793103448275862,21,ACCAAGCAUAUUACACGCGGAUAACCGCC
284,4frn,I2A,A,102,0.3793103448275862,1,GGCUAAAAGCAUGGUGGGAAAGUGACGUG
398,6bfb,DKM,X,54,0.3793103448275862,0,GGAUCUUCGGGGCAGGGUGAAAUUCCCGA
307,4nyc,A23,A,79,0.3793103448275862,13,CCCUUCGUGAAGGCUGAGAAAUACCCGUA
306,4nyb,A23,A,79,0.3793103448275862,13,CCCUUCGUGAAGGCUGAGAAAUACCCGUA
341,5c45,51B,X,54,0.3793103448275862,0,GGAUCUUCGGGGCAGGGUGAAAUUCCCGA
204,3f4e,FMN,X,54,0.3793103448275862,0,GGAUCUUCGGGGCAGGGUGAAAUUCCCGA
238,3q3z,C2E,V,74,0.3793103448275862,15,GAAUGGGUUUAAAUUGGGCACUUGACUCA
224,3gx7,SAM,A,94,0.3793103448275862,1,GCUUCGCAAGAGAGGUGGAGGGACUGGCC
464,6od9,AMZ,A,62,0.3793103448275862,20,UGGAAUUAACCACAUGAAGUAUAACGGCC
10,1duh,PGP,A,44,0.3793103448275862,7,UACCAGGUCAGGUCCGGAAGGAAGCAGCC
332,4y1m,GTP,B,107,0.3793103448275862,12,AGCCGAUUUCCGAAAGGAAAUGUACGUGU
473,6qn3,GLN,B,50,0.3793103448275862,14,GGCGCAUGAAAUGGGAGUAGGGAACGGGA
5,1am0,AMP,A,16,0.375,4,GGGAAGAAACUGUAGC
366,5kvj,ARG,A,16,0.375,2,CCAUCCUCUACAGGCG
42,1pbr,IDG,A,27,0.37037037037037035,2,GGCGUCACACCUUCGGGUGAAGUCGCC
24,1fyp,PAR,A,27,0.37037037037037035,2,GGCGUCGCACCUUCGGGUGAAGUCGCC
130,2m4q,AM2,1,27,0.37037037037037035,2,GGCGUCACACCUUCGGGUGAAGUCGCC
7,1byj,GE3,A,27,0.37037037037037035,2,GGCGUCACACCUUCGGGUGAAGUCGCC
382,5v1l,ZTH,A,11,0.36363636363636365,0,CGCGAAUAGCG
12,1ei2,NMY,A,25,0.36,0,GGCAGUGUGAGUACCUUCACACGUC
121,2kgp,MIX,A,25,0.36,0,GGCAGUGUGAGUACCUUCACACGUC
226,3i2r,1DP,B,28,0.35714285714285715,0,CGGUGAGAGGGGGCAGAGAAACACACGA
228,3i2u,1DP,B,28,0.35714285714285715,0,CGGUGAGAGGGGGCAGAGAAACACACGA
140,2oe5,AM2,B,17,0.35294117647058826,3,GGUACUAAAAGUCGCCC
36,1nem,IDG,A,23,0.34782608695652173,0,GGACUGGGCGAGAAGUUUAGUCC
482,6tf2,ATP,A,52,0.3448275862068966,6,AACAACCCCGUAGGUUGGGCCGAAAGGCA
483,6tf3,3AT,A,52,0.3448275862068966,6,AACAACCCCGUAGGUUGGGCCGAAAGGCA
447,6hag,SAH,A,43,0.3448275862068966,12,UCCUGACGUGGCAGAUUGAAUUAUUGGAG
481,6tf1,ADP,A,52,0.3448275862068966,6,AACAACCCCGUAGGUUGGGCCGAAAGGCA
22,1fmn,FMN,A,35,0.3448275862068966,5,GUAGGAUAUGCUUCGGCAGAAGGACACGC
283,4frg,I2A,B,84,0.3448275862068966,1,GCCUAAAAGCAUAGUGGGAAAGUGACGUG
384,5v3f,74G,A,31,0.3448275862068966,1,UGCGAAGGGACGGUGCGGAGAGGAGAGCA
479,6tb7,AMP,A,52,0.3448275862068966,6,AACAACCCCGUAGGUUGGGCCGAAAGGCA
9,1ddy,B12,A,35,0.3448275862068966,0,GGAACCGGUGCGCAUAACCACCUCAGUGC
11,1eht,TEP,A,33,0.3448275862068966,1,GCGAUACCAGCCGAAAGGCCCUUGGCAGC
14,1et4,CNC,A,35,0.3448275862068966,0,GGAACCGGUGCGCAUAACCACCUCAGUGC
365,5ktj,ATP,A,49,0.3448275862068966,19,ACAGUUGGUUAGGCUCAAAGCGGAGAGCA
480,6tf0,NAI,A,51,0.3448275862068966,5,AACAACCCCGUAGGUUGGGCCGAAAGGCA
419,6d3p,IRI,A,45,0.3448275862068966,0,GGGCGUAACCUCCAUCCGAGUUGCAAGAG
122,2ktz,ISH,A,38,0.3448275862068966,3,GGAACUACUGUCUUCCUUCGGGUCGUGCA
123,2ku0,ISI,A,38,0.3448275862068966,3,GGAACUACUGUCUUCCUUCGGGUCGUGCA
369,5lwj,GTP,A,33,0.3448275862068966,0,GGCAGCCAGAGAGCACGUAUACGCAAGGC
196,3e5e,GTP,A,52,0.3448275862068966,1,UCCCGAAAGGAUGGCGGAAACGCCAGAUG
195,3e5c,GTP,A,52,0.3448275862068966,1,UCCCGAAAGGAUGGCGGAAACGCCAGAUG
160,3b31,IRI,A,29,0.3448275862068966,0,GGUUAUUCAGAUUAGGUAGUCGAAUGACC
197,3e5f,GTP,A,52,0.3448275862068966,1,UCCCGAAAGGAUGGCGGAAACGCCAGAUG
40,1o15,TEP,A,33,0.3448275862068966,1,GCGAUACCAGCCGAAAGGCCCUUGGCAGC
147,2qwy,SAM,A,52,0.3448275862068966,5,GCGAUUUAACCGUAUUGCAGUCGCGUGAU
125,2kxm,RIO,A,27,0.3333333333333333,0,GGCUGCUUGUCCUUUAAUGGUCCAGUC
132,2mxs,PAR,A,27,0.3333333333333333,0,GGCUGCUUGUCCUUUAAUGGUCCAGUC
133,2n0j,RIO,A,27,0.3333333333333333,0,GGCUGCUUGUCCUUUAAUGGUCCAGUC
218,3gs5,S9L,A,25,0.32,0,UCCCAGUCCACCGCGGUGAGAAGGG
99,2fd0,LIV,A,22,0.3181818181818182,2,CUGCUGAAGUGCACACAGCAAG
96,2fcx,XXX,B,22,0.3181818181818182,2,CUGCUGAAGUGCACACAGCAAG
387,5vci,8OS,A,22,0.3181818181818182,0,CUGCUGGCUAAGGCCCGAAAGG
386,5vcf,8OS,A,22,0.3181818181818182,0,CUGCUGGCUAAGGCCCGAAAGG
97,2fcy,NMY,B,22,0.3181818181818182,2,CUGCUGAAGUGCACACAGCAAG
98,2fcz,RIO,A,22,0.3181818181818182,2,CUGCUGAAGUGCACACAGCAAG
194,3dvv,RIO,A,22,0.3181818181818182,2,CUGCUGAAGUGCACACAGCAAG
126,2l1v,PRF,A,36,0.3103448275862069,0,GGAGAGGUUCUAGUUAUACCCUCUAUAAA
16,1f1t,ROS,A,33,0.3103448275862069,4,CCGACGGCGAGAGCCAGGAACGAAGGACC
53,1xpf,SPM,A,23,0.30434782608695654,1,CUUGCUGAGGUGCACACAGCAAG
48,1tob,TOA,A,27,0.2962962962962963,2,GGCACGAGGUUUAGCUACACUCGUGCC
433,6e1v,HMV,A,30,0.27586206896551724,1,UGGGUCGCAGUCCCAGUUAACAAAACAAG
177,3cqs,S9L,B,29,0.27586206896551724,0,CGGUGAGAAGGGGGCAGAGAAACACACGA
431,6e1t,HLV,A,30,0.27586206896551724,1,UGGGUCGCAGUCCCAGUUAACAAAACAAG
231,3k1v,PRF,A,30,0.27586206896551724,0,AGAGGUUCUAGCCCCUCUAUAAAAAACUA
239,3q50,PRF,A,33,0.27586206896551724,2,GGGUCGCAGUAACCCCAGUUAACAAAACA
209,3fu2,PRF,A,32,0.27586206896551724,0,AGAGGUUCUAGCCACCCUCUAUAAAAAAC
212,3gca,PQ0,A,33,0.27586206896551724,2,GGGUCGCAGUAACCCCAGUUAACAAAACA
170,3bbk,S9L,B,29,0.27586206896551724,0,CGGUGAGAAGGGGGCAGAGAAACACACGA
164,3b58,S9L,B,29,0.27586206896551724,0,CGGUGAGAAGGGGGCAGAGAAACACACGA
176,3c44,PAR,B,23,0.2608695652173913,1,CUUGCUGAAGUGCACACAGCAAG
397,6az4,GP3,A,32,0.2413793103448276,1,UGCUGCUGCCGCUAAGGAUGAAAGUCUAU
430,6e1s,HLV,A,31,0.2413793103448276,2,GGGUCGCAGUCCCCAGUUAACAAAACAAG
434,6e1w,HNG,A,31,0.2413793103448276,2,GGGUCGCAGUCCCCAGUUAACAAAACAAG
432,6e1u,HMJ,A,31,0.2413793103448276,2,GGGUCGCAGUCCCCAGUUAACAAAACAAG
451,6izp,B2R,A,29,0.1724137931034483,0,GUACUGGAACAUGUUUCAUGUGGAAGUAC
