sample_file,file_name,pdb_id,ligand_resname,rna_chain,rna_len,ligand_atom_count,positive_contacts,canonical_smiles,best_independent_index,best_independent_name,best_ligand_tanimoto,ligand_exact_match,best_rna_window_identity,best_rna_window_start,best_rna_window,excluded,exclude_reason
dataset\pdb_contact_rna_only_500\00006_1arj.pt,00006_1arj.pt,1arj,ARG,N,29,12,22,NC(=[NH2+])NCCC[C@H](N)C(=O)O,10,DMA-148,0.23529411764705882,False,1.0,0,GGCAGAUCUGAGCCUGGGAGCUCUCUGCC,True,rna_identity_ge_0.80
dataset\pdb_contact_rna_only_500\00012_1ei2.pt,00012_1ei2.pt,1ei2,NMY,A,25,42,46,NC[C@@H]1O[C@H](O[C@H]2[C@@H](O)[C@H](O[C@@H]3[C@@H](O)[C@H](N)C[C@H](N)[C@H]3O[C@H]3O[C@H](CN)[C@@H](O)[C@H](O)[C@H]3N)O[C@@H]2CO)[C@H](N)[C@@H](O)[C@@H]1O,0,Neomycin B,1.0,True,0.36,0,GGCAGUGUGAGUACCUUCACACGUC,True,ligand_exact;ligand_tanimoto_ge_0.80
dataset\pdb_contact_rna_only_500\00024_1fyp.pt,00024_1fyp.pt,1fyp,PAR,A,27,42,76,NC[C@@H]1O[C@H](O[C@H]2[C@@H](O)[C@H](O[C@@H]3[C@@H](O)[C@H](N)C[C@H](N)[C@H]3O[C@H]3O[C@H](CO)[C@@H](O)[C@H](O)[C@H]3N)O[C@@H]2CO)[C@H](N)[C@@H](O)[C@@H]1O,1,Paromomycin,1.0,True,0.37037037037037035,2,GGCGUCGCACCUUCGGGUGAAGUCGCC,True,ligand_exact;ligand_tanimoto_ge_0.80
dataset\pdb_contact_rna_only_500\00026_1i9v.pt,00026_1i9v.pt,1i9v,NMY,A,74,42,19,NC[C@@H]1O[C@H](O[C@H]2[C@@H](O)[C@H](O[C@@H]3[C@@H](O)[C@H](N)C[C@H](N)[C@H]3O[C@H]3O[C@H](CN)[C@@H](O)[C@H](O)[C@H]3N)O[C@@H]2CO)[C@H](N)[C@@H](O)[C@@H]1O,0,Neomycin B,1.0,True,0.5517241379310345,25,GCCAGACUGAAAUCUGGAGGUCCUGUGUC,True,ligand_exact;ligand_tanimoto_ge_0.80
dataset\pdb_contact_rna_only_500\00027_1j7t.pt,00027_1j7t.pt,1j7t,PAR,A,21,42,31,NC[C@@H]1O[C@H](O[C@H]2[C@@H](O)[C@H](O[C@@H]3[C@@H](O)[C@H](N)C[C@H](N)[C@H]3O[C@H]3O[C@H](CO)[C@@H](O)[C@H](O)[C@H]3N)O[C@@H]2CO)[C@H](N)[C@@H](O)[C@@H]1O,1,Paromomycin,1.0,True,0.42857142857142855,4,GCGUCACACCGGUGAAGUCGC,True,ligand_exact;ligand_tanimoto_ge_0.80
dataset\pdb_contact_rna_only_500\00031_1lc4.pt,00031_1lc4.pt,1lc4,TOY,A,21,32,28,NC[C@H]1O[C@H](O[C@H]2[C@H](O)[C@@H](O[C@H]3O[C@H](CO)[C@@H](O)[C@H](N)[C@H]3O)[C@H](N)C[C@@H]2N)[C@H](N)C[C@@H]1O,4,Tobramycin,1.0,True,0.42857142857142855,4,GCGUCACACCGGUGAAGUCGC,True,ligand_exact;ligand_tanimoto_ge_0.80
dataset\pdb_contact_rna_only_500\00032_1lvj.pt,00032_1lvj.pt,1lvj,PMZ,A,31,23,59,CC(=O)c1ccc2c(c1)N(CCCN(C)C)c1ccccc1S2,22,DPF m1,0.24615384615384617,False,0.9310344827586207,1,GCCAGAUCUGAGCCUGGGAGCUCUCUGGC,True,rna_identity_ge_0.80
dataset\pdb_contact_rna_only_500\00037_1nta.pt,00037_1nta.pt,1nta,SRY,A,22,40,32,[H]/N=C(/N)N[C@H]1[C@H](O)[C@@H](O)[C@H](O[C@@H]2O[C@@H](C)[C@](O)(C=O)[C@H]2O[C@@H]2O[C@@H](CO)[C@H](O)[C@@H](O)[C@@H]2NC)[C@@H](N/C(N)=N\[H])[C@@H]1O,3,Streptomycin,0.8870967741935484,False,0.4090909090909091,3,GGAUCGCAUUUGGACUUCUGCC,True,ligand_tanimoto_ge_0.80
dataset\pdb_contact_rna_only_500\00038_1ntb.pt,00038_1ntb.pt,1ntb,SRY,A,22,40,38,[H]/N=C(/N)N[C@H]1[C@H](O)[C@@H](O)[C@H](O[C@@H]2O[C@@H](C)[C@](O)(C=O)[C@H]2O[C@@H]2O[C@@H](CO)[C@H](O)[C@@H](O)[C@@H]2NC)[C@@H](N/C(N)=N\[H])[C@@H]1O,3,Streptomycin,0.8870967741935484,False,0.4090909090909091,3,GGAUCGCAUUUGGACUUCUGCC,True,ligand_tanimoto_ge_0.80
dataset\pdb_contact_rna_only_500\00044_1qd3.pt,00044_1qd3.pt,1qd3,BDG,A,29,12,28,NC[C@H]1O[C@H](O)[C@H](N)[C@@H](O)[C@@H]1O,6,Neamine,0.4473684210526316,False,0.896551724137931,0,GCCAGAUUUGAGCCUGGGAGCUCUCUGGC,True,rna_identity_ge_0.80
dataset\pdb_contact_rna_only_500\00049_1uts.pt,00049_1uts.pt,1uts,P13,B,29,30,39,NCCCOc1ccc(-c2ccc3[nH]ccc3c2)cc1CNCCN1CCNCC1,35,DPF m9,0.2894736842105263,False,1.0,0,GGCAGAUCUGAGCCUGGGAGCUCUCUGCC,True,rna_identity_ge_0.80
dataset\pdb_contact_rna_only_500\00050_1uud.pt,00050_1uud.pt,1uud,P14,B,29,25,38,COc1ccc(OCCNC(N)=[NH2+])c(CNCCCCNC(N)=[NH2+])c1,22,DPF m1,0.18840579710144928,False,1.0,0,GGCAGAUCUGAGCCUGGGAGCUCUCUGCC,True,rna_identity_ge_0.80
dataset\pdb_contact_rna_only_500\00051_1uui.pt,00051_1uui.pt,1uui,P12,B,29,23,33,[H]/N=C(\N)N1CC[NH+](Cc2cc(OC)ccc2OCCC[NH3+])CC1,36,DPF m10 ,0.14814814814814814,False,1.0,0,GGCAGAUCUGAGCCUGGGAGCUCUCUGCC,True,rna_identity_ge_0.80
dataset\pdb_contact_rna_only_500\00068_2a04.pt,00068_2a04.pt,2a04,NMY,B,14,42,15,NC[C@@H]1O[C@H](O[C@H]2[C@@H](O)[C@H](O[C@@H]3[C@@H](O)[C@H](N)C[C@H](N)[C@H]3O[C@H]3O[C@H](CN)[C@@H](O)[C@H](O)[C@H]3N)O[C@@H]2CO)[C@H](N)[C@@H](O)[C@@H]1O,0,Neomycin B,1.0,True,0.42857142857142855,10,CGCGUCACACCACC,True,ligand_exact;ligand_tanimoto_ge_0.80
dataset\pdb_contact_rna_only_500\00088_2esi.pt,00088_2esi.pt,2esi,KAN,B,21,33,32,NC[C@H]1O[C@H](O[C@H]2[C@H](O)[C@@H](O[C@H]3O[C@H](CO)[C@@H](O)[C@H](N)[C@H]3O)[C@H](N)C[C@@H]2N)[C@H](O)[C@@H](O)[C@@H]1O,7,Kanamycin,1.0,True,0.42857142857142855,4,GCGUCACACCGGUGAAGUCGC,True,ligand_exact;ligand_tanimoto_ge_0.80
dataset\pdb_contact_rna_only_500\00091_2et4.pt,00091_2et4.pt,2et4,NMY,A,21,42,30,NC[C@@H]1O[C@H](O[C@H]2[C@@H](O)[C@H](O[C@@H]3[C@@H](O)[C@H](N)C[C@H](N)[C@H]3O[C@H]3O[C@H](CN)[C@@H](O)[C@H](O)[C@H]3N)O[C@@H]2CO)[C@H](N)[C@@H](O)[C@@H]1O,0,Neomycin B,1.0,True,0.42857142857142855,4,GCGUCACACCGGUGAAGUCGC,True,ligand_exact;ligand_tanimoto_ge_0.80
dataset\pdb_contact_rna_only_500\00092_2et5.pt,00092_2et5.pt,2et5,RIO,A,21,31,32,NC[C@H]1O[C@H](O[C@H]2[C@H](O[C@@H]3O[C@H](CO)[C@@H](O)[C@H]3O)[C@@H](O)[C@H](N)C[C@@H]2N)[C@H](N)[C@@H](O)[C@@H]1O,1,Paromomycin,0.9069767441860465,False,0.42857142857142855,4,GCGUCACACCGGUGAAGUCGC,True,ligand_tanimoto_ge_0.80
dataset\pdb_contact_rna_only_500\00093_2et8.pt,00093_2et8.pt,2et8,XXX,B,21,22,31,NC[C@H]1O[C@H](O[C@H]2[C@H](O)[C@@H](O)[C@H](N)C[C@@H]2N)[C@H](N)[C@@H](O)[C@@H]1O,6,Neamine,1.0,True,0.42857142857142855,4,GCGUCACACCGGUGAAGUCGC,True,ligand_exact;ligand_tanimoto_ge_0.80
dataset\pdb_contact_rna_only_500\00094_2f4s.pt,00094_2f4s.pt,2f4s,XXX,A,21,22,11,NC[C@H]1O[C@H](O[C@H]2[C@H](O)[C@@H](O)[C@H](N)C[C@@H]2N)[C@H](N)[C@@H](O)[C@@H]1O,6,Neamine,1.0,True,0.42857142857142855,4,GCGUCACACCGGUGAAGUCGC,True,ligand_exact;ligand_tanimoto_ge_0.80
dataset\pdb_contact_rna_only_500\00097_2fcx.pt,00097_2fcx.pt,2fcx,XXX,B,22,22,15,NC[C@H]1O[C@H](O[C@H]2[C@H](O)[C@@H](O)[C@H](N)C[C@@H]2N)[C@H](N)[C@@H](O)[C@@H]1O,6,Neamine,1.0,True,0.3181818181818182,2,CUGCUGAAGUGCACACAGCAAG,True,ligand_exact;ligand_tanimoto_ge_0.80
dataset\pdb_contact_rna_only_500\00098_2fcy.pt,00098_2fcy.pt,2fcy,NMY,B,22,42,13,NC[C@@H]1O[C@H](O[C@H]2[C@@H](O)[C@H](O[C@@H]3[C@@H](O)[C@H](N)C[C@H](N)[C@H]3O[C@H]3O[C@H](CN)[C@@H](O)[C@H](O)[C@H]3N)O[C@@H]2CO)[C@H](N)[C@@H](O)[C@@H]1O,0,Neomycin B,1.0,True,0.3181818181818182,2,CUGCUGAAGUGCACACAGCAAG,True,ligand_exact;ligand_tanimoto_ge_0.80
dataset\pdb_contact_rna_only_500\00099_2fcz.pt,00099_2fcz.pt,2fcz,RIO,A,22,31,26,NC[C@H]1O[C@H](O[C@H]2[C@H](O[C@@H]3O[C@H](CO)[C@@H](O)[C@H]3O)[C@@H](O)[C@H](N)C[C@@H]2N)[C@H](N)[C@@H](O)[C@@H]1O,1,Paromomycin,0.9069767441860465,False,0.3181818181818182,2,CUGCUGAAGUGCACACAGCAAG,True,ligand_tanimoto_ge_0.80
dataset\pdb_contact_rna_only_500\00122_2kgp.pt,00122_2kgp.pt,2kgp,MIX,A,25,32,67,O=C1c2c(O)ccc(O)c2C(=O)c2c(NCCNCCO)ccc(NCCNCCO)c21,21,Mitoxantrone,1.0,True,0.36,0,GGCAGUGUGAGUACCUUCACACGUC,True,ligand_exact;ligand_tanimoto_ge_0.80
dataset\pdb_contact_rna_only_500\00126_2kxm.pt,00126_2kxm.pt,2kxm,RIO,A,27,31,53,NC[C@H]1O[C@H](O[C@H]2[C@H](O[C@@H]3O[C@H](CO)[C@@H](O)[C@H]3O)[C@@H](O)[C@H](N)C[C@@H]2N)[C@H](N)[C@@H](O)[C@@H]1O,1,Paromomycin,0.9069767441860465,False,0.3333333333333333,0,GGCUGCUUGUCCUUUAAUGGUCCAGUC,True,ligand_tanimoto_ge_0.80
dataset\pdb_contact_rna_only_500\00128_2l8h.pt,00128_2l8h.pt,2l8h,L8H,A,29,13,24,COc1cc(N)cc2ccccc12,25,Ethidium Bromide,0.1724137931034483,False,1.0,0,GGCAGAUCUGAGCCUGGGAGCUCUCUGCC,True,rna_identity_ge_0.80
dataset\pdb_contact_rna_only_500\00133_2mxs.pt,00133_2mxs.pt,2mxs,PAR,A,27,42,51,NC[C@@H]1O[C@H](O[C@H]2[C@@H](O)[C@H](O[C@@H]3[C@@H](O)[C@H](N)C[C@H](N)[C@H]3O[C@H]3O[C@H](CO)[C@@H](O)[C@H](O)[C@H]3N)O[C@@H]2CO)[C@H](N)[C@@H](O)[C@@H]1O,1,Paromomycin,1.0,True,0.3333333333333333,0,GGCUGCUUGUCCUUUAAUGGUCCAGUC,True,ligand_exact;ligand_tanimoto_ge_0.80
dataset\pdb_contact_rna_only_500\00134_2n0j.pt,00134_2n0j.pt,2n0j,RIO,A,27,31,42,NC[C@H]1O[C@H](O[C@H]2[C@H](O[C@@H]3O[C@H](CO)[C@@H](O)[C@H]3O)[C@@H](O)[C@H](N)C[C@@H]2N)[C@H](N)[C@@H](O)[C@@H]1O,1,Paromomycin,0.9069767441860465,False,0.3333333333333333,0,GGCUGCUUGUCCUUUAAUGGUCCAGUC,True,ligand_tanimoto_ge_0.80
dataset\pdb_contact_rna_only_500\00138_2o3w.pt,00138_2o3w.pt,2o3w,PAR,B,21,42,20,NC[C@@H]1O[C@H](O[C@H]2[C@@H](O)[C@H](O[C@@H]3[C@@H](O)[C@H](N)C[C@H](N)[C@H]3O[C@H]3O[C@H](CO)[C@@H](O)[C@H](O)[C@H]3N)O[C@@H]2CO)[C@H](N)[C@@H](O)[C@@H]1O,1,Paromomycin,1.0,True,0.42857142857142855,4,GCGUCGCUCCGGAAAAGUCGC,True,ligand_exact;ligand_tanimoto_ge_0.80
dataset\pdb_contact_rna_only_500\00139_2o3x.pt,00139_2o3x.pt,2o3x,N30,B,21,31,30,NC[C@H]1O[C@@H](O[C@@H]2[C@@H](O)[C@H](N)C[C@H](N)[C@H]2O[C@H]2O[C@H](CO)[C@@H](O)[C@H](O)[C@H]2N)[C@H](O)[C@@H]1O,1,Paromomycin,0.9069767441860465,False,0.42857142857142855,4,GCGUCACACCGGUGAAGUCGC,True,ligand_tanimoto_ge_0.80
dataset\pdb_contact_rna_only_500\00174_3bnq.pt,00174_3bnq.pt,3bnq,PAR,C,22,42,25,NC[C@@H]1O[C@H](O[C@H]2[C@@H](O)[C@H](O[C@@H]3[C@@H](O)[C@H](N)C[C@H](N)[C@H]3O[C@H]3O[C@H](CO)[C@@H](O)[C@H](O)[C@H]3N)O[C@@H]2CO)[C@H](N)[C@@H](O)[C@@H]1O,1,Paromomycin,1.0,True,0.4090909090909091,3,UUGCGUCACCCGAGCAAGUCGC,True,ligand_exact;ligand_tanimoto_ge_0.80
dataset\pdb_contact_rna_only_500\00175_3bnr.pt,00175_3bnr.pt,3bnr,PAR,C,22,42,19,NC[C@@H]1O[C@H](O[C@H]2[C@@H](O)[C@H](O[C@@H]3[C@@H](O)[C@H](N)C[C@H](N)[C@H]3O[C@H]3O[C@H](CO)[C@@H](O)[C@H](O)[C@H]3N)O[C@@H]2CO)[C@H](N)[C@@H](O)[C@@H]1O,1,Paromomycin,1.0,True,0.4090909090909091,3,UUGCGUCACCCGAGCAAGUCGC,True,ligand_exact;ligand_tanimoto_ge_0.80
dataset\pdb_contact_rna_only_500\00177_3c44.pt,00177_3c44.pt,3c44,PAR,B,23,42,22,NC[C@@H]1O[C@H](O[C@H]2[C@@H](O)[C@H](O[C@@H]3[C@@H](O)[C@H](N)C[C@H](N)[C@H]3O[C@H]3O[C@H](CO)[C@@H](O)[C@H](O)[C@H]3N)O[C@@H]2CO)[C@H](N)[C@@H](O)[C@@H]1O,1,Paromomycin,1.0,True,0.2608695652173913,1,CUUGCUGAAGUGCACACAGCAAG,True,ligand_exact;ligand_tanimoto_ge_0.80
dataset\pdb_contact_rna_only_500\00195_3dvv.pt,00195_3dvv.pt,3dvv,RIO,A,22,31,31,NC[C@H]1O[C@H](O[C@H]2[C@H](O[C@@H]3O[C@H](CO)[C@@H](O)[C@H]3O)[C@@H](O)[C@H](N)C[C@@H]2N)[C@H](N)[C@@H](O)[C@@H]1O,1,Paromomycin,0.9069767441860465,False,0.3181818181818182,2,CUGCUGAAGUGCACACAGCAAG,True,ligand_tanimoto_ge_0.80
dataset\pdb_contact_rna_only_500\00270_4f8u.pt,00270_4f8u.pt,4f8u,SIS,B,21,31,25,CN[C@@H]1[C@@H](O)[C@@H](O[C@@H]2[C@@H](O)[C@H](O[C@H]3OC(CN)=CC[C@H]3N)[C@@H](N)C[C@H]2N)OC[C@]1(C)O,2,Sisomycin,1.0,True,0.42857142857142855,4,GCGUCACACCGGUGAAGUCGC,True,ligand_exact;ligand_tanimoto_ge_0.80
dataset\pdb_contact_rna_only_500\00271_4f8v.pt,00271_4f8v.pt,4f8v,SIS,B,21,31,24,CN[C@@H]1[C@@H](O)[C@@H](O[C@@H]2[C@@H](O)[C@H](O[C@H]3OC(CN)=CC[C@H]3N)[C@@H](N)C[C@H]2N)OC[C@]1(C)O,2,Sisomycin,1.0,True,0.42857142857142855,4,GCGUCACACCGGUGAAGUCGC,True,ligand_exact;ligand_tanimoto_ge_0.80
dataset\pdb_contact_rna_only_500\00289_4gpw.pt,00289_4gpw.pt,4gpw,6HS,A,22,31,26,CN[C@@H]1[C@@H](O)[C@@H](O[C@@H]2[C@@H](O)[C@H](O[C@H]3OC(CO)=CC[C@H]3N)[C@@H](N)C[C@H]2N)OC[C@]1(C)O,2,Sisomycin,0.8596491228070176,False,0.5,3,UGCGUCGCGCCGGCGAAGUCGC,True,ligand_tanimoto_ge_0.80
dataset\pdb_contact_rna_only_500\00290_4gpx.pt,00290_4gpx.pt,4gpx,6HS,B,21,31,27,CN[C@@H]1[C@@H](O)[C@@H](O[C@@H]2[C@@H](O)[C@H](O[C@H]3OC(CO)=CC[C@H]3N)[C@@H](N)C[C@H]2N)OC[C@]1(C)O,2,Sisomycin,0.8596491228070176,False,0.5238095238095238,4,GCGUCGCGCCGGCGAAGUCGC,True,ligand_tanimoto_ge_0.80
dataset\pdb_contact_rna_only_500\00291_4gpy.pt,00291_4gpy.pt,4gpy,6HS,A,22,31,28,CN[C@@H]1[C@@H](O)[C@@H](O[C@@H]2[C@@H](O)[C@H](O[C@H]3OC(CO)=CC[C@H]3N)[C@@H](N)C[C@H]2N)OC[C@]1(C)O,2,Sisomycin,0.8596491228070176,False,0.45454545454545453,3,UGCGUCACGCCGGCGAAGUCGC,True,ligand_tanimoto_ge_0.80
dataset\pdb_contact_rna_only_500\00312_4p20.pt,00312_4p20.pt,4p20,AKN,A,21,40,39,NCC[C@H](O)C(=O)N[C@@H]1C[C@H](N)[C@@H](O[C@H]2O[C@H](CN)[C@@H](O)[C@H](O)[C@H]2O)[C@H](O)[C@H]1O[C@H]1O[C@H](CO)[C@@H](O)[C@H](N)[C@H]1O,8,Amikacin,1.0,True,0.42857142857142855,4,GCGUCACACCGGUGAAGUCGC,True,ligand_exact;ligand_tanimoto_ge_0.80
dataset\pdb_contact_rna_only_500\00338_4zc7.pt,00338_4zc7.pt,4zc7,PAR,C,21,42,30,NC[C@@H]1O[C@H](O[C@H]2[C@@H](O)[C@H](O[C@@H]3[C@@H](O)[C@H](N)C[C@H](N)[C@H]3O[C@H]3O[C@H](CO)[C@@H](O)[C@H](O)[C@H]3N)O[C@@H]2CO)[C@H](N)[C@@H](O)[C@@H]1O,1,Paromomycin,1.0,True,0.42857142857142855,4,GCGUCGUUCCGGAAAAGUCGC,True,ligand_exact;ligand_tanimoto_ge_0.80
dataset\pdb_contact_rna_only_500\00394_5z1h.pt,00394_5z1h.pt,5z1h,FSJ,B,23,31,30,CN[C@@H]1[C@@H](O)[C@@H](O[C@@H]2[C@@H](O)[C@H](O[C@H]3OC(CF)=CC[C@H]3N)[C@@H](N)C[C@H]2N)OC[C@]1(C)O,2,Sisomycin,0.8448275862068966,False,0.43478260869565216,2,UUGCGUCACGCCGGCGAAGUCGC,True,ligand_tanimoto_ge_0.80
dataset\pdb_contact_rna_only_500\00395_5z1i.pt,00395_5z1i.pt,5z1i,FSJ,A,21,31,23,CN[C@@H]1[C@@H](O)[C@@H](O[C@@H]2[C@@H](O)[C@H](O[C@H]3OC(CF)=CC[C@H]3N)[C@@H](N)C[C@H]2N)OC[C@]1(C)O,2,Sisomycin,0.8448275862068966,False,0.5238095238095238,4,GCGUCGCGCCGGCGAAGUCGC,True,ligand_tanimoto_ge_0.80
dataset\pdb_contact_rna_only_500\00398_5zej.pt,00398_5zej.pt,5zej,PAR,A,21,42,7,NC[C@@H]1O[C@H](O[C@H]2[C@@H](O)[C@H](O[C@@H]3[C@@H](O)[C@H](N)C[C@H](N)[C@H]3O[C@H]3O[C@H](CO)[C@@H](O)[C@H](O)[C@H]3N)O[C@@H]2CO)[C@H](N)[C@@H](O)[C@@H]1O,1,Paromomycin,1.0,True,0.38095238095238093,4,UGCGUCCGUCGACGAAGUCGC,True,ligand_exact;ligand_tanimoto_ge_0.80
dataset\pdb_contact_rna_only_500\00470_6qiq.pt,00470_6qiq.pt,6qiq,J48,A,7,37,38,O=C1Nc2ccc3ccc(nc3n2)C[NH2+]Cc2ccc3ccc(nc3n2)NC(=O)OCC/C=C/CCO1,39,Acridine Orange,0.11320754716981132,False,0.8571428571428571,1,GCAGAGC,True,rna_identity_ge_0.80
